{
  "training_data": [
    {
      "question": "O que é computação quântica?",
      "answer": "Computação quântica é um paradigma de computação que utiliza princípios da mecânica quântica, como superposição e emaranhamento, para processar informações de forma fundamentalmente diferente dos computadores clássicos."
    },
    {
      "question": "O que é um qubit?",
      "answer": "Um qubit (quantum bit) é a unidade básica de informação quântica. Diferente de um bit clássico que pode ser 0 ou 1, um qubit pode existir em uma superposição de ambos os estados simultaneamente."
    },
    {
      "question": "O que é superposição quântica?",
      "answer": "Superposição quântica é a capacidade de um sistema quântico existir em múltiplos estados ao mesmo tempo. Um qubit pode estar em uma combinação de 0 e 1 simultaneamente até ser medido."
    },
    {
      "question": "O que é emaranhamento quântico?",
      "answer": "Emaranhamento quântico é um fenômeno onde dois ou mais qubits ficam correlacionados de tal forma que o estado de um qubit afeta instantaneamente o estado do outro, independentemente da distância entre eles."
    },
    {
      "question": "Qual a diferença entre computador quântico e clássico?",
      "answer": "Computadores clássicos processam bits que são 0 ou 1, enquanto computadores quânticos usam qubits que podem estar em superposição. Isso permite que computadores quânticos processem múltiplas possibilidades simultaneamente."
    },
    {
      "question": "O que é uma porta quântica?",
      "answer": "Uma porta quântica é uma operação básica que manipula qubits, similar às portas lógicas em computadores clássicos. Exemplos incluem portas Hadamard, CNOT, e Pauli-X."
    },
    {
      "question": "O que é decoerência quântica?",
      "answer": "Decoerência quântica é a perda de propriedades quânticas de um sistema devido à interação com o ambiente. É um dos principais desafios na construção de computadores quânticos práticos."
    },
    {
      "question": "O que é o algoritmo de Shor?",
      "answer": "O algoritmo de Shor é um algoritmo quântico que pode fatorar números grandes exponencialmente mais rápido que os melhores algoritmos clássicos conhecidos, com implicações importantes para criptografia."
    },
    {
      "question": "O que é o algoritmo de Grover?",
      "answer": "O algoritmo de Grover é um algoritmo quântico de busca que pode encontrar um item em uma base de dados não ordenada com complexidade O(√N), oferecendo aceleração quadrática sobre algoritmos clássicos."
    },
    {
      "question": "O que é supremacia quântica?",
      "answer": "Supremacia quântica (ou vantagem quântica) é o ponto em que um computador quântico pode realizar uma tarefa que seria impraticável para qualquer computador clássico em um tempo razoável."
    },
    {
      "question": "Quais são as aplicações da computação quântica?",
      "answer": "Aplicações incluem: criptografia quântica, simulação de sistemas moleculares, otimização de problemas complexos, machine learning quântico, e desenvolvimento de novos materiais e medicamentos."
    },
    {
      "question": "O que é um circuito quântico?",
      "answer": "Um circuito quântico é uma sequência de portas quânticas aplicadas a qubits para realizar uma computação. É análogo a um circuito lógico em computação clássica."
    },
    {
      "question": "O que é medição quântica?",
      "answer": "Medição quântica é o processo de observar o estado de um qubit, que colapsa a superposição para um estado definido (0 ou 1). A medição é probabilística e irreversível."
    },
    {
      "question": "O que é correção de erros quânticos?",
      "answer": "Correção de erros quânticos são técnicas para proteger informação quântica de erros causados por decoerência e ruído, usando qubits redundantes e códigos de correção especializados."
    },
    {
      "question": "O que é a porta Hadamard?",
      "answer": "A porta Hadamard é uma porta quântica fundamental que coloca um qubit em superposição igual de 0 e 1. É essencial para criar estados de superposição em algoritmos quânticos."
    },
    {
      "question": "O que é a porta CNOT?",
      "answer": "A porta CNOT (Controlled-NOT) é uma porta quântica de dois qubits que inverte o segundo qubit (alvo) se o primeiro qubit (controle) estiver no estado 1. É fundamental para criar emaranhamento."
    },
    {
      "question": "O que é um estado de Bell?",
      "answer": "Estados de Bell são quatro estados quânticos maximamente emaranhados de dois qubits. São fundamentais em protocolos de comunicação quântica e teletransporte quântico."
    },
    {
      "question": "O que é teletransporte quântico?",
      "answer": "Teletransporte quântico é um protocolo que transfere o estado quântico de um qubit para outro usando emaranhamento e comunicação clássica, sem mover fisicamente o qubit."
    },
    {
      "question": "O que é criptografia quântica?",
      "answer": "Criptografia quântica usa princípios da mecânica quântica para criar sistemas de comunicação teoricamente seguros. O protocolo BB84 é um exemplo de distribuição quântica de chaves."
    },
    {
      "question": "O que é annealing quântico?",
      "answer": "Annealing quântico é uma técnica de computação quântica especializada em resolver problemas de otimização, explorando tunelamento quântico para encontrar mínimos globais em paisagens de energia."
    },
    {
      "question": "Quais são os tipos de qubits?",
      "answer": "Principais tipos incluem: qubits supercondutores, íons aprisionados, qubits topológicos, pontos quânticos, e qubits fotônicos. Cada tipo tem vantagens e desafios específicos."
    },
    {
      "question": "O que é interferência quântica?",
      "answer": "Interferência quântica é o fenômeno onde amplitudes de probabilidade de diferentes caminhos quânticos se combinam, podendo se reforçar (interferência construtiva) ou cancelar (interferência destrutiva)."
    },
    {
      "question": "O que é a notação de Dirac?",
      "answer": "A notação de Dirac (bra-ket) é uma notação matemática padrão para descrever estados quânticos. |ψ⟩ representa um estado (ket) e ⟨ψ| representa seu dual (bra)."
    },
    {
      "question": "O que é a esfera de Bloch?",
      "answer": "A esfera de Bloch é uma representação geométrica do espaço de estados de um único qubit, onde cada ponto na superfície da esfera representa um estado quântico puro possível."
    },
    {
      "question": "O que é NISQ?",
      "answer": "NISQ (Noisy Intermediate-Scale Quantum) refere-se à era atual de computadores quânticos com 50-1000 qubits ruidosos, sem correção de erros completa, mas capazes de demonstrar vantagem quântica em tarefas específicas."
    }
  ],
  "metadata": {
    "version": "1.0",
    "language": "pt-BR",
    "topic": "quantum_computing_basics",
    "total_samples": 25,
    "created_for": "neural_network_training",
    "description": "Dataset de perguntas e respostas básicas sobre computação quântica para treinamento de redes neurais"
  }
}