<?xml version="1.0" encoding="UTF-8"?>
<server description="Simple EJB Server">

    <!-- Enable features -->
    <featureManager>
        <feature>ejbLite-3.2</feature>
        <feature>servlet-3.1</feature>
        <feature>jndi-1.0</feature>
        <feature>localConnector-1.0</feature>
    </featureManager>

    <!-- HTTP Endpoint -->
    <httpEndpoint id="defaultHttpEndpoint"
                  httpPort="9080"
                  httpsPort="9443"
                  host="*" />

    <!-- Application Configuration -->
    <application id="simple-ejb" 
                 location="simple-ejb.jar" 
                 name="simple-ejb"
                 type="ejb">
    </application>

    <!-- Logging Configuration -->
    <logging traceSpecification="*=info:com.example.ejb.*=all"
             maxFileSize="20"
             maxFiles="10"
             consoleLogLevel="INFO" />

    <!-- Basic Registry for Security (optional) -->
    <basicRegistry id="basic" realm="BasicRealm">
        <user name="admin" password="admin" />
    </basicRegistry>

</server>

<!-- Made with Bob -->
