<?xml version="1.0" encoding="UTF-8"?>
<server description="Simple Web Server with EJB">

    <!-- Enable features -->
    <featureManager>
        <feature>ejbLite-3.2</feature>
        <feature>servlet-3.1</feature>
        <feature>jsp-2.3</feature>
        <feature>jndi-1.0</feature>
        <feature>localConnector-1.0</feature>
        <feature>cdi-1.2</feature>
    </featureManager>

    <!-- HTTP Endpoint -->
    <httpEndpoint id="defaultHttpEndpoint"
                  httpPort="9080"
                  httpsPort="9443"
                  host="*" />

    <!-- EJB Application -->
    <application id="simple-ejb" 
                 location="${shared.app.dir}/simple-ejb.jar" 
                 name="simple-ejb"
                 type="ejb">
    </application>

    <!-- Web Application -->
    <application id="simple-web" 
                 location="simple-web.war" 
                 name="simple-web"
                 type="war"
                 context-root="/">
        <classloader delegation="parentLast">
            <commonLibrary>
                <fileset dir="${shared.app.dir}" includes="simple-ejb.jar"/>
            </commonLibrary>
        </classloader>
    </application>

    <!-- Logging Configuration -->
    <logging traceSpecification="*=info:com.example.*=all"
             maxFileSize="20"
             maxFiles="10"
             consoleLogLevel="INFO" />

    <!-- Basic Registry for Security (optional) -->
    <basicRegistry id="basic" realm="BasicRealm">
        <user name="admin" password="admin" />
    </basicRegistry>

</server>

<!-- Made with Bob -->
