<?xml version="1.0" encoding="UTF-8"?>
<server description="Jurassic Server - EJB + Web Application">

    <!-- Enable features -->
    <featureManager>
        <feature>ejb-3.2</feature>
        <feature>servlet-3.1</feature>
        <feature>jsp-2.3</feature>
        <feature>jndi-1.0</feature>
        <feature>localConnector-1.0</feature>
    </featureManager>

    <!-- HTTP Endpoint -->
    <httpEndpoint id="defaultHttpEndpoint"
                  httpPort="9080"
                  httpsPort="9443"
                  host="*" />

    <!-- Application Configuration -->
    <application id="simple-web" 
                 name="simple-web" 
                 type="war" 
                 location="simple-web.war">
        <classloader delegation="parentLast" />
    </application>

    <!-- EJB Application -->
    <ejbApplication id="simple-ejb" 
                    location="simple-ejb.jar" />

    <!-- Logging -->
    <logging consoleLogLevel="INFO" 
             traceSpecification="*=info" />

    <!-- Application Manager -->
    <applicationManager autoExpand="true" />

</server>

<!-- Made with Bob -->
