{
  "best_global_step": null,
  "best_metric": null,
  "best_model_checkpoint": null,
  "epoch": 3.0,
  "eval_steps": 500,
  "global_step": 21,
  "is_hyper_param_search": false,
  "is_local_process_zero": true,
  "is_world_process_zero": true,
  "log_history": [
    {
      "epoch": 1.48,
      "grad_norm": 0.29266905784606934,
      "learning_rate": 0.00011428571428571428,
      "loss": 10.1253,
      "step": 10
    },
    {
      "epoch": 2.96,
      "grad_norm": 0.30835023522377014,
      "learning_rate": 1.9047619047619046e-05,
      "loss": 10.101,
      "step": 20
    }
  ],
  "logging_steps": 10,
  "max_steps": 21,
  "num_input_tokens_seen": 0,
  "num_train_epochs": 3,
  "save_steps": 50,
  "stateful_callbacks": {
    "TrainerControl": {
      "args": {
        "should_epoch_stop": false,
        "should_evaluate": false,
        "should_log": false,
        "should_save": true,
        "should_training_stop": true
      },
      "attributes": {}
    }
  },
  "total_flos": 742948326604800.0,
  "train_batch_size": 1,
  "trial_name": null,
  "trial_params": null
}
