<?xml version="1.0" encoding="UTF-8"?>
<!-- Copyright (c) 2015 IBM Corp.
 
  Licensed under the Apache License, Version 2.0 (the "License");
  you may not use this file except in compliance with the License.
  You may obtain a copy of the License at
 
     http://www.apache.org/licenses/LICENSE-2.0
 
  Unless required by applicable law or agreed to in writing, software
  distributed under the License is distributed on an "AS IS" BASIS,
  WITHOUT WARRANTIES OR CONDITIONS OF ANY KIND, either express or implied.
  See the License for the specific language governing permissions and
  limitations under the License.-->
<server description="MicroInvader Game Server">

    <featureManager>
        <!-- Jakarta EE 10 -->
        <feature>jakartaee-10.0</feature>
        
        <!-- MicroProfile 6.0 -->
        <feature>microProfile-6.0</feature>
        
        <!-- Additional features -->
        <feature>mpHealth-4.0</feature>
        <feature>mpMetrics-5.0</feature>
        <feature>mpOpenAPI-3.1</feature>
        <feature>mpConfig-3.0</feature>
        <feature>mpRestClient-3.0</feature>
    </featureManager>
    
    <!-- HTTP Endpoint -->
    <httpEndpoint 
        id="defaultHttpEndpoint"
        host="*"
        httpPort="${default.http.port}"
        httpsPort="${default.https.port}">
        <tcpOptions soReuseAddr="true"/>
    </httpEndpoint>
    
    <!-- Application Manager -->
    <applicationManager autoExpand="true"/>
    
    <!-- Logging -->
    <logging 
        traceSpecification="*=info:com.ibm.space.*=fine"
        maxFileSize="20"
        maxFiles="10"/>
    
    <!-- CORS Configuration -->
    <cors 
        domain="/"
        allowedOrigins="*"
        allowedMethods="GET, POST, PUT, DELETE, OPTIONS"
        allowedHeaders="*"
        maxAge="3600"/>
    
</server>

<!-- Made with Bob -->
