<?xml version="1.0" encoding="UTF-8"?>
<ejb-jar xmlns="http://xmlns.jcp.org/xml/ns/javaee"
         xmlns:xsi="http://www.w3.org/2001/XMLSchema-instance"
         xsi:schemaLocation="http://xmlns.jcp.org/xml/ns/javaee 
         http://xmlns.jcp.org/xml/ns/javaee/ejb-jar_3_2.xsd"
         version="3.2">
    
    <display-name>Simple EJB Application</display-name>
    
    <enterprise-beans>
        <session>
            <ejb-name>SimpleTestBean</ejb-name>
            <business-local>com.example.ejb.SimpleTestLocal</business-local>
            <business-remote>com.example.ejb.SimpleTestRemote</business-remote>
            <ejb-class>com.example.ejb.SimpleTestBean</ejb-class>
            <session-type>Stateless</session-type>
        </session>
    </enterprise-beans>
    
</ejb-jar>

<!-- Made with Bob -->
